Workbook

Sheet How to Use
B1: Life Insurance Tracker
B3: What goes where
B4: Policies - one row per policy. Policy Number is the key that links everything together.
B5: Beneficiaries - one row per beneficiary. Use the same Policy Number as on the Policies sheet.
B6: Payments - log each premium payment with its Policy Number; totals roll up to Policies automatically.
B7: Summary - read-only dashboard: coverage in force, premiums, what's due or overdue.
B8: Lists - the dropdown options. Add or rename items here (e.g. new carriers' product types or statuses).
B10: Color legend
B11: Cream cells with blue text = you type here.
B12: Grey cells = calculated automatically. Don't type over them.
B13: Blue italic rows marked EXAMPLE ROW show the expected format - overwrite or delete them.
B15: Highlights on the Policies sheet
... B23: Don't store full bank account or Social Security numbers in this file.

Sheet Summary
A1: Life Insurance Tracker - Summary
A2: ="As of "&TEXT(TODAY(),"mmm d, yyyy")
A4: Key figures
A5: Policies tracked | B5: =COUNTA(Policies!$A$2:$A$301)
A6: Policies in force | B6: =COUNTIFS(Policies!$F$2:$F$301,"In Force")
A7: Total coverage in force | B7: =SUMIFS(Policies!$G$2:$G$301,Policies!$F$2:$F$301,"In Force")
A8: Annual premium (in force) | B8: =SUMIFS(Policies!$J$2:$J$301,Policies!$F$2:$F$301,"In Force")
A9: Monthly equivalent | B9: =B8/12
A10: Premiums overdue | B10: =COUNTIFS(Policies!$R$2:$R$301,"<0",Policies!$F$2:$F$301,"In Force")
A11: Premiums due in next 14 days | B11: =COUNTIFS(Policies!$R$2:$R$301,">=0",Policies!$R$2:$R$301,"<=14",Policies!$F$2:$F$301,"In Force")
A12: Policies w/ primary beneficiaries <> 100% | B12: =SUMPRODUCT((Policies!$A$2:$A$301<>"")*ISNUMBER(Policies!$T$2:$T$301)*(ROUND(N(+Policies!$T$2:$T$301),4)<>1))
A13: Total premiums paid (all time) | B13: =SUM(Payments!$C$2:$C$301)
A16: By status | B16: Policies | C16: Face amount | D16: Annual premium
A17: Quoted | B17: =COUNTIFS(Policies!$F$2:$F$301,A17) | C17: =SUMIFS(Policies!$G$2:$G$301,Policies!$F$2:$F$301,A17) | D17: =SUMIFS(Policies!$J$2:$J$301,Policies!$F$2:$F$301,A17)
A18: Application Submitted | B18: =COUNTIFS(Policies!$F$2:$F$301,A18) | C18: =SUMIFS(Policies!$G$2:$G$301,Policies!$F$2:$F$301,A18) | D18: =SUMIFS(Policies!$J$2:$J$301,Policies!$F$2:$F$301,A18)
A19: Underwriting | B19: =COUNTIFS(Policies!$F$2:$F$301,A19) | C19: =SUMIFS(Policies!$G$2:$G$301,Policies!$F$2:$F$301,A19) | D19: =SUMIFS(Policies!$J$2:$J$301,Policies!$F$2:$F$301,A19)
A20: Approved | B20: =COUNTIFS(Policies!$F$2:$F$301,A20) | C20: =SUMIFS(Policies!$G$2:$G$301,Policies!$F$2:$F$301,A20) | D20: =SUMIFS(Policies!$J$2:$J$301,Policies!$F$2:$F$301,A20)
A21: In Force | B21: =COUNTIFS(Policies!$F$2:$F$301,A21) | C21: =SUMIFS(Policies!$G$2:$G$301,Policies!$F$2:$F$301,A21) | D21: =SUMIFS(Policies!$J$2:$J$301,Policies!$F$2:$F$301,A21)
A22: Lapsed | B22: =COUNTIFS(Policies!$F$2:$F$301,A22) | C22: =SUMIFS(Policies!$G$2:$G$301,Policies!$F$2:$F$301,A22) | D22: =SUMIFS(Policies!$J$2:$J$301,Policies!$F$2:$F$301,A22)
A23: Cancelled | B23: =COUNTIFS(Policies!$F$2:$F$301,A23) | C23: =SUMIFS(Policies!$G$2:$G$301,Policies!$F$2:$F$301,A23) | D23: =SUMIFS(Policies!$J$2:$J$301,Policies!$F$2:$F$301,A23)
A24: Declined | B24: =COUNTIFS(Policies!$F$2:$F$301,A24) | C24: =SUMIFS(Policies!$G$2:$G$301,Policies!$F$2:$F$301,A24) | D24: =SUMIFS(Policies!$J$2:$J$301,Policies!$F$2:$F$301,A24)
A25: Paid Out | B25: =COUNTIFS(Policies!$F$2:$F$301,A25) | C25: =SUMIFS(Policies!$G$2:$G$301,Policies!$F$2:$F$301,A25) | D25: =SUMIFS(Policies!$J$2:$J$301,Policies!$F$2:$F$301,A25)
A28: By policy type | B28: Policies | C28: Face amount | D28: Annual premium
A29: Term | B29: =COUNTIFS(Policies!$E$2:$E$301,A29) | C29: =SUMIFS(Policies!$G$2:$G$301,Policies!$E$2:$E$301,A29) | D29: =SUMIFS(Policies!$J$2:$J$301,Policies!$E$2:$E$301,A29)
A30: Whole Life | B30: =COUNTIFS(Policies!$E$2:$E$301,A30) | C30: =SUMIFS(Policies!$G$2:$G$301,Policies!$E$2:$E$301,A30) | D30: =SUMIFS(Policies!$J$2:$J$301,Policies!$E$2:$E$301,A30)
A31: Universal Life | B31: =COUNTIFS(Policies!$E$2:$E$301,A31) | C31: =SUMIFS(Policies!$G$2:$G$301,Policies!$E$2:$E$301,A31) | D31: =SUMIFS(Policies!$J$2:$J$301,Policies!$E$2:$E$301,A31)
A32: Indexed UL | B32: =COUNTIFS(Policies!$E$2:$E$301,A32) | C32: =SUMIFS(Policies!$G$2:$G$301,Policies!$E$2:$E$301,A32) | D32: =SUMIFS(Policies!$J$2:$J$301,Policies!$E$2:$E$301,A32)
A33: Variable UL | B33: =COUNTIFS(Policies!$E$2:$E$301,A33) | C33: =SUMIFS(Policies!$G$2:$G$301,Policies!$E$2:$E$301,A33) | D33: =SUMIFS(Policies!$J$2:$J$301,Policies!$E$2:$E$301,A33)
A34: Final Expense | B34: =COUNTIFS(Policies!$E$2:$E$301,A34) | C34: =SUMIFS(Policies!$G$2:$G$301,Policies!$E$2:$E$301,A34) | D34: =SUMIFS(Policies!$J$2:$J$301,Policies!$E$2:$E$301,A34)
A35: Group / Employer | B35: =COUNTIFS(Policies!$E$2:$E$301,A35) | C35: =SUMIFS(Policies!$G$2:$G$301,Policies!$E$2:$E$301,A35) | D35: =SUMIFS(Policies!$J$2:$J$301,Policies!$E$2:$E$301,A35)
A36: Other | B36: =COUNTIFS(Policies!$E$2:$E$301,A36) | C36: =SUMIFS(Policies!$G$2:$G$301,Policies!$E$2:$E$301,A36) | D36: =SUMIFS(Policies!$J$2:$J$301,Policies!$E$2:$E$301,A36)

Sheet Policies
A1: Policy Number | B1: Insured | C1: Owner | D1: Carrier | E1: Policy Type | F1: Status | G1: Face Amount | H1: Premium | I1: Frequency | J1: Annual Premium | K1: Application Date | L1: Issue Date | M1: Term Length (Yrs) | N1: Term Ends | O1: Payment Method | P1: Draft Day of Month | Q1: Next Premium Due | R1: Days Until Due | S1: Total Paid | T1: Primary Benef. % | U1: Agent / Contact | V1: Notes
A2: EX-0001 | B2: Jane Example | C2: Jane Example | D2: Example Life Co. | E2: Term | F2: In Force | G2: 500000 | H2: 42.5 | I2: Monthly | J2: =IF(OR(H2="",I2=""),"",IF(I2="Single Pay",0,H2*IFERROR(INDEX(Lists!$D$2:$D$6,MATCH(I2,Lists!$C$2:$C$6,0)),0))) | K2: 45717 | L2: 45762 | M2: 20 | N2: =IF(OR(L2="",M2=""),"",EDATE(L2,12*M2)) | O2: Bank Draft | P2: 15 | Q2: 46310 | R2: =IF(Q2="","",Q2-TODAY()) | S2: =IF(A2="","",SUMIFS(Payments!$C$2:$C$301,Payments!$B$2:$B$301,A2)) | T2: =IF(A2="","",SUMIFS(Beneficiaries!$E$2:$E$301,Beneficiaries!$A$2:$A$301,A2,Beneficiaries!$D$2:$D$301,"Primary")) | U2: Sam Agent (555) 010-0000 | V2: EXAMPLE ROW - overwrite or delete
J3: =IF(OR(H3="",I3=""),"",IF(I3="Single Pay",0,H3*IFERROR(INDEX(Lists!$D$2:$D$6,MATCH(I3,Lists!$C$2:$C$6,0)),0))) | N3: =IF(OR(L3="",M3=""),"",EDATE(L3,12*M3)) | R3: =IF(Q3="","",Q3-TODAY()) | S3: =IF(A3="","",SUMIFS(Payments!$C$2:$C$301,Payments!$B$2:$B$301,A3)) | T3: =IF(A3="","",SUMIFS(Beneficiaries!$E$2:$E$301,Beneficiaries!$A$2:$A$301,A3,Beneficiaries!$D$2:$D$301,"Primary"))
J4: =IF(OR(H4="",I4=""),"",IF(I4="Single Pay",0,H4*IFERROR(INDEX(Lists!$D$2:$D$6,MATCH(I4,Lists!$C$2:$C$6,0)),0))) | N4: =IF(OR(L4="",M4=""),"",EDATE(L4,12*M4)) | R4: =IF(Q4="","",Q4-TODAY()) | S4: =IF(A4="","",SUMIFS(Payments!$C$2:$C$301,Payments!$B$2:$B$301,A4)) | T4: =IF(A4="","",SUMIFS(Beneficiaries!$E$2:$E$301,Beneficiaries!$A$2:$A$301,A4,Beneficiaries!$D$2:$D$301,"Primary"))
J5: =IF(OR(H5="",I5=""),"",IF(I5="Single Pay",0,H5*IFERROR(INDEX(Lists!$D$2:$D$6,MATCH(I5,Lists!$C$2:$C$6,0)),0))) | N5: =IF(OR(L5="",M5=""),"",EDATE(L5,12*M5)) | R5: =IF(Q5="","",Q5-TODAY()) | S5: =IF(A5="","",SUMIFS(Payments!$C$2:$C$301,Payments!$B$2:$B$301,A5)) | T5: =IF(A5="","",SUMIFS(Beneficiaries!$E$2:$E$301,Beneficiaries!$A$2:$A$301,A5,Beneficiaries!$D$2:$D$301,"Primary"))
J6: =IF(OR(H6="",I6=""),"",IF(I6="Single Pay",0,H6*IFERROR(INDEX(Lists!$D$2:$D$6,MATCH(I6,Lists!$C$2:$C$6,0)),0))) | N6: =IF(OR(L6="",M6=""),"",EDATE(L6,12*M6)) | R6: =IF(Q6="","",Q6-TODAY()) | S6: =IF(A6="","",SUMIFS(Payments!$C$2:$C$301,Payments!$B$2:$B$301,A6)) | T6: =IF(A6="","",SUMIFS(Beneficiaries!$E$2:$E$301,Beneficiaries!$A$2:$A$301,A6,Beneficiaries!$D$2:$D$301,"Primary"))
J7: =IF(OR(H7="",I7=""),"",IF(I7="Single Pay",0,H7*IFERROR(INDEX(Lists!$D$2:$D$6,MATCH(I7,Lists!$C$2:$C$6,0)),0))) | N7: =IF(OR(L7="",M7=""),"",EDATE(L7,12*M7)) | R7: =IF(Q7="","",Q7-TODAY()) | S7: =IF(A7="","",SUMIFS(Payments!$C$2:$C$301,Payments!$B$2:$B$301,A7)) | T7: =IF(A7="","",SUMIFS(Beneficiaries!$E$2:$E$301,Beneficiaries!$A$2:$A$301,A7,Beneficiaries!$D$2:$D$301,"Primary"))
J8: =IF(OR(H8="",I8=""),"",IF(I8="Single Pay",0,H8*IFERROR(INDEX(Lists!$D$2:$D$6,MATCH(I8,Lists!$C$2:$C$6,0)),0))) | N8: =IF(OR(L8="",M8=""),"",EDATE(L8,12*M8)) | R8: =IF(Q8="","",Q8-TODAY()) | S8: =IF(A8="","",SUMIFS(Payments!$C$2:$C$301,Payments!$B$2:$B$301,A8)) | T8: =IF(A8="","",SUMIFS(Beneficiaries!$E$2:$E$301,Beneficiaries!$A$2:$A$301,A8,Beneficiaries!$D$2:$D$301,"Primary"))
J9: =IF(OR(H9="",I9=""),"",IF(I9="Single Pay",0,H9*IFERROR(INDEX(Lists!$D$2:$D$6,MATCH(I9,Lists!$C$2:$C$6,0)),0))) | N9: =IF(OR(L9="",M9=""),"",EDATE(L9,12*M9)) | R9: =IF(Q9="","",Q9-TODAY()) | S9: =IF(A9="","",SUMIFS(Payments!$C$2:$C$301,Payments!$B$2:$B$301,A9)) | T9: =IF(A9="","",SUMIFS(Beneficiaries!$E$2:$E$301,Beneficiaries!$A$2:$A$301,A9,Beneficiaries!$D$2:$D$301,"Primary"))
J10: =IF(OR(H10="",I10=""),"",IF(I10="Single Pay",0,H10*IFERROR(INDEX(Lists!$D$2:$D$6,MATCH(I10,Lists!$C$2:$C$6,0)),0))) | N10: =IF(OR(L10="",M10=""),"",EDATE(L10,12*M10)) | R10: =IF(Q10="","",Q10-TODAY()) | S10: =IF(A10="","",SUMIFS(Payments!$C$2:$C$301,Payments!$B$2:$B$301,A10)) | T10: =IF(A10="","",SUMIFS(Beneficiaries!$E$2:$E$301,Beneficiaries!$A$2:$A$301,A10,Beneficiaries!$D$2:$D$301,"Primary"))
J11: =IF(OR(H11="",I11=""),"",IF(I11="Single Pay",0,H11*IFERROR(INDEX(Lists!$D$2:$D$6,MATCH(I11,Lists!$C$2:$C$6,0)),0))) | N11: =IF(OR(L11="",M11=""),"",EDATE(L11,12*M11)) | R11: =IF(Q11="","",Q11-TODAY()) | S11: =IF(A11="","",SUMIFS(Payments!$C$2:$C$301,Payments!$B$2:$B$301,A11)) | T11: =IF(A11="","",SUMIFS(Beneficiaries!$E$2:$E$301,Beneficiaries!$A$2:$A$301,A11,Beneficiaries!$D$2:$D$301,"Primary"))
J12: =IF(OR(H12="",I12=""),"",IF(I12="Single Pay",0,H12*IFERROR(INDEX(Lists!$D$2:$D$6,MATCH(I12,Lists!$C$2:$C$6,0)),0))) | N12: =IF(OR(L12="",M12=""),"",EDATE(L12,12*M12)) | R12: =IF(Q12="","",Q12-TODAY()) | S12: =IF(A12="","",SUMIFS(Payments!$C$2:$C$301,Payments!$B$2:$B$301,A12)) | T12: =IF(A12="","",SUMIFS(Beneficiaries!$E$2:$E$301,Beneficiaries!$A$2:$A$301,A12,Beneficiaries!$D$2:$D$301,"Primary"))
J13: =IF(OR(H13="",I13=""),"",IF(I13="Single Pay",0,H13*IFERROR(INDEX(Lists!$D$2:$D$6,MATCH(I13,Lists!$C$2:$C$6,0)),0))) | N13: =IF(OR(L13="",M13=""),"",EDATE(L13,12*M13)) | R13: =IF(Q13="","",Q13-TODAY()) | S13: =IF(A13="","",SUMIFS(Payments!$C$2:$C$301,Payments!$B$2:$B$301,A13)) | T13: =IF(A13="","",SUMIFS(Beneficiaries!$E$2:$E$301,Beneficiaries!$A$2:$A$301,A13,Beneficiaries!$D$2:$D$301,"Primary"))
J14: =IF(OR(H14="",I14=""),"",IF(I14="Single Pay",0,H14*IFERROR(INDEX(Lists!$D$2:$D$6,MATCH(I14,Lists!$C$2:$C$6,0)),0))) | N14: =IF(OR(L14="",M14=""),"",EDATE(L14,12*M14)) | R14: =IF(Q14="","",Q14-TODAY()) | S14: =IF(A14="","",SUMIFS(Payments!$C$2:$C$301,Payments!$B$2:$B$301,A14)) | T14: =IF(A14="","",SUMIFS(Beneficiaries!$E$2:$E$301,Beneficiaries!$A$2:$A$301,A14,Beneficiaries!$D$2:$D$301,"Primary"))
... J301: =IF(OR(H301="",I301=""),"",IF(I301="Single Pay",0,H301*IFERROR(INDEX(Lists!$D$2:$D$6,MATCH(I301,Lists!$C$2:$C$6,0)),0))) | N301: =IF(OR(L301="",M301=""),"",EDATE(L301,12*M301)) | R301: =IF(Q301="","",Q301-TODAY()) | S301: =IF(A301="","",SUMIFS(Payments!$C$2:$C$301,Payments!$B$2:$B$301,A301)) | T301: =IF(A301="","",SUMIFS(Beneficiaries!$E$2:$E$301,Beneficiaries!$A$2:$A$301,A301,Beneficiaries!$D$2:$D$301,"Primary"))

Sheet Beneficiaries
A1: Policy Number | B1: Beneficiary Name | C1: Relationship | D1: Type | E1: Share % | F1: Insured (lookup) | G1: Notes
A2: EX-0001 | B2: John Example | C2: Spouse | D2: Primary | E2: 1 | F2: =IF(A2="","",IFERROR(INDEX(Policies!$B$2:$B$301,MATCH(A2,Policies!$A$2:$A$301,0)),"Policy # not found")) | G2: EXAMPLE ROW
A3: EX-0001 | B3: Kid Example | C3: Child | D3: Contingent | E3: 1 | F3: =IF(A3="","",IFERROR(INDEX(Policies!$B$2:$B$301,MATCH(A3,Policies!$A$2:$A$301,0)),"Policy # not found")) | G3: EXAMPLE ROW
F4: =IF(A4="","",IFERROR(INDEX(Policies!$B$2:$B$301,MATCH(A4,Policies!$A$2:$A$301,0)),"Policy # not found"))
F5: =IF(A5="","",IFERROR(INDEX(Policies!$B$2:$B$301,MATCH(A5,Policies!$A$2:$A$301,0)),"Policy # not found"))
F6: =IF(A6="","",IFERROR(INDEX(Policies!$B$2:$B$301,MATCH(A6,Policies!$A$2:$A$301,0)),"Policy # not found"))
F7: =IF(A7="","",IFERROR(INDEX(Policies!$B$2:$B$301,MATCH(A7,Policies!$A$2:$A$301,0)),"Policy # not found"))
F8: =IF(A8="","",IFERROR(INDEX(Policies!$B$2:$B$301,MATCH(A8,Policies!$A$2:$A$301,0)),"Policy # not found"))
F9: =IF(A9="","",IFERROR(INDEX(Policies!$B$2:$B$301,MATCH(A9,Policies!$A$2:$A$301,0)),"Policy # not found"))
F10: =IF(A10="","",IFERROR(INDEX(Policies!$B$2:$B$301,MATCH(A10,Policies!$A$2:$A$301,0)),"Policy # not found"))
F11: =IF(A11="","",IFERROR(INDEX(Policies!$B$2:$B$301,MATCH(A11,Policies!$A$2:$A$301,0)),"Policy # not found"))
F12: =IF(A12="","",IFERROR(INDEX(Policies!$B$2:$B$301,MATCH(A12,Policies!$A$2:$A$301,0)),"Policy # not found"))
F13: =IF(A13="","",IFERROR(INDEX(Policies!$B$2:$B$301,MATCH(A13,Policies!$A$2:$A$301,0)),"Policy # not found"))
F14: =IF(A14="","",IFERROR(INDEX(Policies!$B$2:$B$301,MATCH(A14,Policies!$A$2:$A$301,0)),"Policy # not found"))
F15: =IF(A15="","",IFERROR(INDEX(Policies!$B$2:$B$301,MATCH(A15,Policies!$A$2:$A$301,0)),"Policy # not found"))
... F301: =IF(A301="","",IFERROR(INDEX(Policies!$B$2:$B$301,MATCH(A301,Policies!$A$2:$A$301,0)),"Policy # not found"))

Sheet Payments
A1: Date Paid | B1: Policy Number | C1: Amount | D1: Method | E1: Insured (lookup) | F1: Notes
A2: 46249 | B2: EX-0001 | C2: 42.5 | D2: Bank Draft | E2: =IF(B2="","",IFERROR(INDEX(Policies!$B$2:$B$301,MATCH(B2,Policies!$A$2:$A$301,0)),"Policy # not found")) | F2: EXAMPLE ROW
A3: 46280 | B3: EX-0001 | C3: 42.5 | D3: Bank Draft | E3: =IF(B3="","",IFERROR(INDEX(Policies!$B$2:$B$301,MATCH(B3,Policies!$A$2:$A$301,0)),"Policy # not found")) | F3: EXAMPLE ROW
E4: =IF(B4="","",IFERROR(INDEX(Policies!$B$2:$B$301,MATCH(B4,Policies!$A$2:$A$301,0)),"Policy # not found"))
E5: =IF(B5="","",IFERROR(INDEX(Policies!$B$2:$B$301,MATCH(B5,Policies!$A$2:$A$301,0)),"Policy # not found"))
E6: =IF(B6="","",IFERROR(INDEX(Policies!$B$2:$B$301,MATCH(B6,Policies!$A$2:$A$301,0)),"Policy # not found"))
E7: =IF(B7="","",IFERROR(INDEX(Policies!$B$2:$B$301,MATCH(B7,Policies!$A$2:$A$301,0)),"Policy # not found"))
E8: =IF(B8="","",IFERROR(INDEX(Policies!$B$2:$B$301,MATCH(B8,Policies!$A$2:$A$301,0)),"Policy # not found"))
E9: =IF(B9="","",IFERROR(INDEX(Policies!$B$2:$B$301,MATCH(B9,Policies!$A$2:$A$301,0)),"Policy # not found"))
E10: =IF(B10="","",IFERROR(INDEX(Policies!$B$2:$B$301,MATCH(B10,Policies!$A$2:$A$301,0)),"Policy # not found"))
E11: =IF(B11="","",IFERROR(INDEX(Policies!$B$2:$B$301,MATCH(B11,Policies!$A$2:$A$301,0)),"Policy # not found"))
E12: =IF(B12="","",IFERROR(INDEX(Policies!$B$2:$B$301,MATCH(B12,Policies!$A$2:$A$301,0)),"Policy # not found"))
E13: =IF(B13="","",IFERROR(INDEX(Policies!$B$2:$B$301,MATCH(B13,Policies!$A$2:$A$301,0)),"Policy # not found"))
E14: =IF(B14="","",IFERROR(INDEX(Policies!$B$2:$B$301,MATCH(B14,Policies!$A$2:$A$301,0)),"Policy # not found"))
E15: =IF(B15="","",IFERROR(INDEX(Policies!$B$2:$B$301,MATCH(B15,Policies!$A$2:$A$301,0)),"Policy # not found"))
... E301: =IF(B301="","",IFERROR(INDEX(Policies!$B$2:$B$301,MATCH(B301,Policies!$A$2:$A$301,0)),"Policy # not found"))

Sheet Lists
A1: Policy Type | B1: Status | C1: Frequency | D1: Payments / Year | E1: Payment Method | F1: Beneficiary Type | G1: Relationship
A2: Term | B2: Quoted | C2: Monthly | D2: 12 | E2: Bank Draft | F2: Primary | G2: Spouse
A3: Whole Life | B3: Application Submitted | C3: Quarterly | D3: 4 | E3: Credit Card | F3: Contingent | G3: Child
A4: Universal Life | B4: Underwriting | C4: Semi-Annual | D4: 2 | E4: Check | G4: Parent
A5: Indexed UL | B5: Approved | C5: Annual | D5: 1 | E5: Payroll Deduction | G5: Sibling
A6: Variable UL | B6: In Force | C6: Single Pay | D6: 0 | E6: Other | G6: Other Relative
A7: Final Expense | B7: Lapsed | G7: Trust
A8: Group / Employer | B8: Cancelled | G8: Estate
A9: Other | B9: Declined | G9: Business
B10: Paid Out | G10: Other
A13: Payments / Year lines up with Frequency and drives Annual Premium.
